ms,valida,presencia,distancia_cm,resp_rpm,latido_bpm,fase_total,fase_resp,fase_latido
4438,1,1,68.9,19.00,103.00,0.094343,-0.003973,0.169738
4514,1,1,68.9,18.00,103.00,0.001863,-0.003216,0.262996
4561,1,1,68.9,18.00,103.00,0.043390,-0.001717,0.270415
4638,1,1,68.9,19.00,103.00,0.022137,0.000477,0.183076
4684,1,1,68.9,19.00,103.00,0.028639,0.003300,0.037358
4761,1,1,68.9,19.00,103.00,0.041727,0.006671,-0.103891
4806,1,1,68.9,19.00,103.00,0.037189,0.010492,-0.183466
4888,1,1,68.9,20.00,104.00,-0.034891,0.014660,-0.177469
4935,1,1,68.9,20.00,104.00,-0.024950,0.019060,-0.104047
5011,1,1,68.9,20.00,104.00,-0.039692,0.023568,-0.009992
5058,1,1,68.9,20.00,104.00,-0.048222,0.028048,0.055806
5134,1,1,68.9,21.00,104.00,-0.021074,0.032366,0.066824
5181,1,1,68.9,21.00,104.00,-0.012486,0.036386,0.028743
5257,1,1,68.9,21.00,104.00,0.010513,0.039988,-0.028637
5303,1,1,68.9,21.00,104.00,0.029076,0.043066,-0.070798
5379,1,1,68.9,21.00,104.00,0.042688,0.045542,-0.077400
5425,1,1,68.9,21.00,104.00,0.135447,0.047362,-0.050759
5506,1,1,68.9,22.00,105.00,0.109026,0.048508,-0.010861
5553,1,1,68.9,22.00,105.00,0.218796,0.048998,0.018456
5629,1,1,68.9,22.00,105.00,0.031570,0.048883,0.023437
5674,1,1,68.9,22.00,105.00,-0.065512,0.048237,0.006851
5751,1,1,68.9,22.00,105.00,0.000050,0.047134,-0.015626
5798,1,1,68.9,22.00,105.00,0.028570,0.045636,-0.025855
5874,1,1,68.9,21.00,105.00,0.075207,0.043793,-0.013919
5921,1,1,68.9,21.00,105.00,0.050665,0.041653,0.016948
5997,1,1,68.9,21.00,105.00,-0.042685,0.039267,0.053339
6043,1,1,68.9,21.00,105.00,-0.095219,0.036678,0.079980
6125,1,1,68.9,20.00,106.00,-0.002747,0.033919,0.087904
6171,1,1,68.9,20.00,106.00,-0.080452,0.031005,0.077725
6248,1,1,68.9,20.00,106.00,-0.100296,0.027940,0.056803
6294,1,1,68.9,20.00,106.00,-0.140709,0.024718,0.033078
6371,1,1,68.9,20.00,106.00,-0.092659,0.021323,0.010140
6418,1,1,68.9,20.00,106.00,-0.145864,0.017730,-0.013328
6493,1,1,68.9,19.00,106.00,-0.099060,0.013914,-0.039977
6540,1,1,68.9,19.00,106.00,-0.068737,0.009852,-0.069147
6616,1,1,68.9,19.00,106.00,-0.003279,0.005535,-0.094768
6661,1,1,68.9,19.00,106.00,0.061316,0.000975,-0.107478
6742,1,1,68.9,20.00,107.00,0.040474,-0.003784,-0.099757
6789,1,1,68.9,20.00,107.00,0.103231,-0.008666,-0.070825
6865,1,1,68.9,19.00,107.00,0.062273,-0.013567,-0.028212
6911,1,1,68.9,19.00,107.00,-0.002615,-0.018363,0.015066
6988,1,1,68.9,19.00,107.00,-0.065897,-0.022922,0.046254
7035,1,1,68.9,19.00,107.00,-0.273977,-0.027131,0.058436
7111,1,1,68.9,20.00,107.00,-0.094006,-0.030907,0.053096
7158,1,1,68.9,20.00,107.00,0.012329,-0.034209,0.038574
7234,1,1,68.9,20.00,107.00,0.058641,-0.037017,0.025532
7279,1,1,74.6,20.00,107.00,0.000000,-0.039313,0.021922
7361,1,1,74.6,20.00,106.00,0.628407,-0.041064,0.029877
7408,1,1,74.6,20.00,106.00,0.003946,-0.042207,0.045504
7484,1,1,74.6,21.00,106.00,0.002739,-0.042649,0.060970
7530,1,1,68.9,21.00,106.00,0.000000,-0.042301,0.067443
7606,1,1,68.9,21.00,106.00,-0.394087,-0.041119,0.057714
7653,1,1,68.9,21.00,106.00,0.084225,-0.039122,0.028154
7729,1,1,68.9,21.00,106.00,0.071928,-0.036384,-0.019712
7776,1,1,68.9,21.00,106.00,0.010242,-0.033010,-0.077919
7852,1,1,68.9,22.00,106.00,-0.058676,-0.029108,-0.131876
7898,1,1,68.9,22.00,106.00,-0.074732,-0.024791,-0.162826
7980,1,1,68.9,22.00,104.00,-0.071087,-0.020188,-0.153959
8026,1,1,68.9,22.00,104.00,-0.054615,-0.015436,-0.098884
8103,1,1,68.9,22.00,104.00,-0.043615,-0.010679,-0.008358
8150,1,1,68.9,22.00,104.00,-0.017956,-0.006057,0.089752
8226,1,1,68.9,23.00,104.00,-0.054312,-0.001697,0.159698
8272,1,1,68.9,23.00,104.00,0.089674,0.002291,0.173394
8348,1,1,68.9,23.00,104.00,0.190256,0.005825,0.124719
8395,1,1,68.9,23.00,104.00,0.256371,0.008863,0.034387
8471,1,1,68.9,22.00,104.00,0.123947,0.011414,-0.058368
8516,1,1,68.9,22.00,104.00,-0.136194,0.013527,-0.113865
8597,1,1,68.9,21.00,102.00,0.003742,0.015259,-0.110789
8644,1,1,68.9,21.00,102.00,-0.015936,0.016653,-0.056006
8720,1,1,68.9,20.00,102.00,-0.002501,0.017731,0.019691
8766,1,1,68.9,20.00,102.00,-0.025213,0.018510,0.077691
8843,1,1,68.9,19.00,102.00,-0.056351,0.018994,0.091199
8890,1,1,68.9,19.00,102.00,-0.221628,0.019181,0.058216
8966,1,1,68.9,18.00,102.00,-0.136814,0.019052,0.001185
9013,1,1,68.9,18.00,102.00,-0.077358,0.018567,-0.046324
9090,1,1,68.9,17.00,102.00,0.016075,0.017682,-0.058525
9135,1,1,68.9,17.00,102.00,0.124121,0.016363,-0.031438
9217,1,1,68.9,16.00,102.00,0.084209,0.014610,0.015668
9264,1,1,68.9,16.00,102.00,-0.012072,0.012462,0.051937
9340,1,1,68.9,15.00,102.00,-0.037977,0.009983,0.052794
9387,1,1,68.9,15.00,102.00,-0.069025,0.007248,0.013682
9464,1,1,68.9,14.00,102.00,-0.013083,0.004329,-0.047848
9510,1,1,68.9,14.00,102.00,0.035818,0.001291,-0.102235
9587,1,1,68.9,14.00,102.00,0.057638,-0.001797,-0.123698
9634,1,1,68.9,14.00,102.00,0.058182,-0.004862,-0.102611
9710,1,1,68.9,13.00,102.00,0.034241,-0.007823,-0.048200
9755,1,1,68.9,13.00,102.00,0.003645,-0.010599,0.018470
9837,1,1,68.9,12.00,101.00,-0.033472,-0.013112,0.075841
9884,1,1,63.1,12.00,101.00,0.000000,-0.015303,0.110735
9960,1,1,63.1,12.00,101.00,0.303837,-0.017124,0.120700
10009,1,1,63.1,12.00,101.00,0.219933,-0.018526,0.110476
10084,1,1,63.1,11.00,101.00,0.119198,-0.019445,0.086518
10130,1,1,63.1,11.00,101.00,0.179302,-0.019806,0.053627
10207,1,1,63.1,11.00,101.00,0.054056,-0.019542,0.015119
10253,1,1,63.1,11.00,101.00,0.102657,-0.018606,-0.025099
10330,1,1,63.1,10.00,101.00,-0.026115,-0.016985,-0.061300
10375,1,1,63.1,10.00,101.00,0.059380,-0.014700,-0.087017
10457,1,1,63.1,10.00,101.00,0.071592,-0.011809,-0.097644
10504,1,1,63.1,10.00,101.00,-0.191338,-0.008403,-0.092448
10580,1,1,63.1,9.00,101.00,-1.109961,-0.004618,-0.074483
10627,1,1,63.1,9.00,101.00,-0.434719,-0.000681,-0.048662
10703,1,1,63.1,9.00,101.00,0.071835,0.003082,-0.019644
10750,1,1,63.1,9.00,101.00,0.303837,0.006320,0.008997
10825,1,1,63.1,8.00,101.00,0.244717,0.008764,0.034418
10872,1,1,63.1,8.00,101.00,0.434227,0.010275,0.054259
10948,1,1,63.1,8.00,101.00,0.234648,0.010847,0.067171
10993,1,1,68.9,8.00,101.00,0.000000,0.010571,0.073112
11074,1,1,68.9,7.00,101.00,-0.573097,0.009588,0.072059
11121,1,1,68.9,7.00,101.00,-0.023331,0.008020,0.061610
11197,1,1,68.9,7.00,101.00,-0.014076,0.005940,0.036258
11244,1,1,68.9,7.00,101.00,-0.022469,0.003401,-0.008966
11320,1,1,68.9,7.00,101.00,-0.068369,0.000460,-0.071076
11367,1,1,68.9,7.00,101.00,-0.058861,-0.002814,-0.132883
11442,1,1,68.9,6.00,101.00,-0.016193,-0.006345,-0.164611
11488,1,1,68.9,6.00,101.00,0.006948,-0.010054,-0.136486
11565,1,1,68.9,6.00,101.00,0.012491,-0.013854,-0.037790
11610,1,1,68.9,6.00,101.00,0.008673,-0.017648,0.108834
11691,1,1,68.9,6.00,99.00,-0.004366,-0.021337,0.249091
11738,1,1,68.9,6.00,99.00,0.020563,-0.024817,0.317999
11814,1,1,68.9,5.00,99.00,0.011112,-0.027993,0.271508
11860,1,1,74.6,5.00,99.00,0.000000,-0.030775,0.112145
11938,1,1,74.6,5.00,99.00,0.594839,-0.033075,-0.106517
11984,1,1,74.6,5.00,99.00,0.122667,-0.034792,-0.300991
12060,1,1,74.6,5.00,99.00,0.048107,-0.035797,-0.395046
12107,1,1,74.6,5.00,99.00,0.076429,-0.035967,-0.354326
12183,1,1,74.6,5.00,99.00,-0.023695,-0.035217,-0.201040
12228,1,1,74.6,5.00,99.00,-0.006567,-0.033511,-0.001875
12310,1,1,74.6,4.00,99.00,0.005421,-0.030868,0.164034
12357,1,1,74.6,4.00,99.00,0.041618,-0.027354,0.240815
12433,1,1,74.6,4.00,99.00,-0.059155,-0.023072,0.218155
12480,1,1,74.6,4.00,99.00,-0.024216,-0.018155,0.130562
12556,1,1,74.6,4.00,99.00,0.010321,-0.012759,0.035669
12603,1,1,74.6,4.00,99.00,-0.080256,-0.007062,-0.016412
12679,1,1,74.6,4.00,99.00,-0.062986,-0.001246,-0.007080
12726,1,1,74.6,4.00,99.00,-0.080473,0.004499,0.044723
12802,1,1,74.6,4.00,99.00,-0.067446,0.009983,0.096134
12847,1,1,74.6,4.00,99.00,-0.076937,0.015026,0.105323
12929,1,1,74.6,3.00,100.00,-0.051289,0.019462,0.054311
12975,1,1,74.6,3.00,100.00,-0.032881,0.023150,-0.041903
13052,1,1,74.6,3.00,100.00,0.002304,0.025979,-0.143689
13098,1,1,74.6,3.00,100.00,0.007381,0.027876,-0.207266
13175,1,1,74.6,3.00,100.00,0.048794,0.028806,-0.206190
13221,1,1,74.6,3.00,100.00,0.017567,0.028780,-0.143030
13297,1,1,74.6,3.00,100.00,0.017653,0.027843,-0.046190
13344,1,1,74.6,3.00,100.00,0.006807,0.026074,0.045268
13420,1,1,74.6,3.00,100.00,0.007441,0.023573,0.100255
13465,1,1,74.6,3.00,100.00,0.002346,0.020457,0.108329
13547,1,1,74.6,3.00,101.00,-0.014549,0.016852,0.080999
13592,1,1,74.6,3.00,101.00,-0.002781,0.012888,0.042495
13670,1,1,74.6,3.00,101.00,-0.013199,0.008695,0.015959
13716,1,1,68.9,3.00,101.00,0.000000,0.004399,0.012435
13792,1,1,68.9,2.00,101.00,-0.536760,0.000110,0.027636
13839,1,1,68.9,2.00,101.00,0.001780,-0.004092,0.046845
13915,1,1,68.9,2.00,101.00,-0.038406,-0.008173,0.054234
13961,1,1,68.9,2.00,101.00,0.005188,-0.012111,0.041270
14037,1,1,68.9,2.00,101.00,0.025503,-0.015875,0.010322
14083,1,1,68.9,2.00,101.00,0.035454,-0.019418,-0.027422
14164,1,1,68.9,2.00,103.00,0.019300,-0.022677,-0.057885
14211,1,1,68.9,2.00,103.00,0.021233,-0.025580,-0.070777
14287,1,1,68.9,2.00,103.00,-0.001656,-0.028053,-0.064081
14334,1,1,68.9,2.00,103.00,0.006777,-0.030026,-0.044527
14410,1,1,68.9,2.00,103.00,0.022041,-0.031437,-0.023884
14455,1,1,68.9,2.00,103.00,0.062809,-0.032240,-0.012739
14532,1,1,68.9,2.00,103.00,0.051746,-0.032397,-0.014743
14577,1,1,68.9,2.00,103.00,-0.026363,-0.031879,-0.024357
14655,1,1,68.9,2.00,103.00,-0.029034,-0.030677,-0.029579
14700,1,1,68.9,2.00,103.00,-0.004446,-0.028802,-0.018615
14781,1,1,68.9,2.00,105.00,0.032593,-0.026288,0.012834
14828,1,1,68.9,2.00,105.00,0.064154,-0.023189,0.057682
14904,1,1,68.9,2.00,105.00,0.035511,-0.019565,0.099468
14950,1,1,68.9,2.00,105.00,0.016121,-0.015483,0.119711
15027,1,1,68.9,1.00,105.00,0.009262,-0.011016,0.106988
15073,1,1,68.9,1.00,105.00,0.025900,-0.006244,0.062936
15151,1,1,68.9,1.00,105.00,0.061934,-0.001255,0.001892
15198,1,1,68.9,1.00,105.00,0.121868,0.003861,-0.055647
15274,1,1,68.9,1.00,105.00,0.036987,0.009023,-0.092219
15319,1,1,68.9,1.00,105.00,-0.137783,0.014153,-0.100427
15400,1,1,68.9,1.00,105.00,-0.194427,0.019167,-0.084501
15447,1,1,68.9,1.00,105.00,-0.205988,0.023955,-0.056293
15523,1,1,68.9,1.00,105.00,-0.090954,0.028381,-0.028526
15570,1,1,68.9,1.00,105.00,-0.120842,0.032295,-0.009035
15646,1,1,68.9,1.00,105.00,0.006638,0.035557,0.001449
15693,1,1,68.9,1.00,105.00,0.097010,0.038052,0.007700
15769,1,1,68.9,1.00,105.00,0.053019,0.039710,0.016060
15816,1,1,68.9,1.00,105.00,0.088285,0.040512,0.030312
15892,1,1,68.9,1.00,105.00,0.060310,0.040488,0.049129
15937,1,1,68.9,1.00,105.00,0.031984,0.039705,0.066045
16019,1,1,68.9,1.00,104.00,-0.026928,0.038256,0.071976
16065,1,1,68.9,1.00,104.00,-0.078501,0.036242,0.059429
16142,1,1,68.9,1.00,104.00,-0.031717,0.033765,0.026803
16189,1,1,68.9,1.00,104.00,0.007092,0.030919,-0.019177
16265,1,1,68.9,1.00,104.00,0.064886,0.027791,-0.064443
16312,1,1,68.9,1.00,104.00,-0.151049,0.024472,-0.092225
16388,1,1,68.9,1.00,104.00,-0.124393,0.021043,-0.089862
16435,1,1,68.9,1.00,104.00,0.042042,0.017573,-0.054958
16511,1,1,68.9,1.00,104.00,0.028610,0.014116,0.002089
16557,1,1,68.9,1.00,104.00,0.120020,0.010725,0.060913
16639,1,1,68.9,1.00,103.00,0.144636,0.007469,0.098805
16686,1,1,68.9,1.00,103.00,0.108658,0.004431,0.100194
16761,1,1,68.9,1.00,103.00,-0.010632,0.001705,0.063669
16808,1,1,68.9,1.00,103.00,-0.065676,-0.000622,0.002951
16884,1,1,68.9,1.00,103.00,-0.034214,-0.002489,-0.059030
16931,1,1,68.9,1.00,103.00,0.082800,-0.003863,-0.100213
17007,1,1,68.9,1.00,103.00,0.067244,-0.004737,-0.108613
17053,1,1,68.9,1.00,103.00,0.120295,-0.005114,-0.086081
17129,1,1,68.9,1.00,103.00,0.025858,-0.004998,-0.045091
17174,1,1,68.9,1.00,103.00,0.038252,-0.004403,-0.001051
17256,1,1,68.9,1.00,101.00,0.001842,-0.003351,0.035053
17302,1,1,68.9,1.00,101.00,-0.138422,-0.001885,0.059582
17378,1,1,68.9,1.00,101.00,-0.226587,-0.000075,0.073971
17425,1,1,68.9,1.00,101.00,0.133059,0.001976,0.079958
17501,1,1,68.9,1.00,101.00,0.064451,0.004149,0.076383
17551,1,1,68.9,1.00,101.00,0.103001,0.006334,0.060064
17623,1,1,68.9,0.00,101.00,0.018276,0.008448,0.029960
17673,1,1,68.9,0.00,101.00,-0.001881,0.010429,-0.008850
17746,1,1,68.9,0.00,101.00,-0.061359,0.012225,-0.045035
17792,1,1,68.9,0.00,101.00,-0.146526,0.013784,-0.065888
17873,1,1,68.9,0.00,99.00,-0.058075,0.015050,-0.064580
17918,1,1,68.9,0.00,99.00,-0.127798,0.015956,-0.044965
17996,1,1,68.9,0.00,99.00,-0.126804,0.016435,-0.020160
18046,1,1,68.9,0.00,99.00,-0.189545,0.016422,-0.005054
18118,1,1,68.9,0.00,99.00,0.061491,0.015856,-0.007120
18168,1,1,68.9,0.00,99.00,0.079466,0.014697,-0.021397
18241,1,1,68.9,0.00,99.00,0.010656,0.012942,-0.033209
18291,1,1,68.9,0.00,99.00,-0.013876,0.010631,-0.027325
18364,1,1,68.9,0.00,99.00,-0.019316,0.007832,0.001859
18409,1,1,68.9,0.00,99.00,0.012678,0.004635,0.045361
18491,1,1,68.9,0.00,97.00,0.024328,0.001140,0.083092
18541,1,1,68.9,0.00,97.00,0.029696,-0.002544,0.094180
18614,1,1,68.9,0.00,97.00,0.048611,-0.006298,0.068604
18663,1,1,68.9,0.00,97.00,0.058664,-0.010001,0.013763
18736,1,1,68.9,0.00,97.00,0.003416,-0.013530,-0.047843
18786,1,1,68.9,0.00,97.00,0.071297,-0.016770,-0.088974
18859,1,1,68.9,0.00,97.00,0.056517,-0.019614,-0.090899
18909,1,1,63.1,0.00,97.00,0.000000,-0.021971,-0.052759
18981,1,1,63.1,0.00,97.00,-0.117973,-0.023767,0.007825
19027,1,1,63.1,0.00,97.00,0.009251,-0.024961,0.063227
19108,1,1,63.1,0.00,96.00,0.127674,-0.025540,0.089021
19158,1,1,63.1,0.00,96.00,0.222523,-0.025508,0.075238
19231,1,1,63.1,0.00,96.00,0.167942,-0.024865,0.030228
19281,1,1,63.1,0.00,96.00,-0.008265,-0.023604,-0.024336
19354,1,1,63.1,0.00,96.00,0.062216,-0.021721,-0.064382
19399,1,1,63.1,0.00,96.00,-0.006178,-0.019236,-0.074766
19477,1,1,63.1,0.00,96.00,-0.106529,-0.016199,-0.055626
19526,1,1,63.1,0.00,96.00,-0.106667,-0.012693,-0.021008
19599,1,1,63.1,0.00,96.00,0.271688,-0.008832,0.009294
19645,1,1,63.1,0.00,96.00,0.347603,-0.004738,0.020441
19726,1,1,63.1,0.00,95.00,-0.091259,-0.000506,0.010313
19776,1,1,63.1,0.00,95.00,-0.136717,0.003790,-0.009738
19849,1,1,63.1,0.00,95.00,0.009535,0.008067,-0.021689
19899,1,1,63.1,0.00,95.00,0.264418,0.012221,-0.011779
19972,1,1,63.1,0.00,95.00,0.380507,0.016154,0.020365
20021,1,1,63.1,0.00,95.00,0.924509,0.019820,0.059999
20094,1,1,63.1,0.00,95.00,0.677994,0.023259,0.084762
20144,1,1,63.1,0.00,95.00,0.626614,0.026611,0.077687
20217,1,1,63.1,0.00,95.00,0.170565,0.030075,0.038005
20262,1,1,63.1,0.00,95.00,0.425453,0.033850,-0.017377
20344,1,1,63.1,0.00,95.00,0.059809,0.038079,-0.063338
20393,1,1,68.9,0.00,95.00,0.000000,0.042823,-0.081279
20466,1,1,68.9,0.00,95.00,1.931158,0.048076,-0.069588
20516,1,1,68.9,0.00,95.00,-0.057856,0.053825,-0.042706
20589,1,1,68.9,0.00,95.00,-0.028376,0.060083,-0.019379
20639,1,1,68.9,0.00,95.00,-0.015997,0.066816,-0.008452
20712,1,1,68.9,0.00,95.00,0.003273,0.073870,-0.002885
20762,1,1,68.9,0.00,95.00,-0.004854,0.080976,0.012849
20834,1,1,68.9,0.00,95.00,0.038956,0.087795,0.047083
20880,1,1,68.9,0.00,95.00,0.025438,0.093948,0.089370
20961,1,1,68.9,0.00,94.00,0.019146,0.099053,0.113313
21011,1,1,68.9,0.00,94.00,0.093176,0.102744,0.093522
21083,1,1,68.9,0.00,94.00,0.019985,0.104695,0.025295
21133,1,1,68.9,0.00,94.00,-0.061300,0.104637,-0.067411
21206,1,1,68.9,0.00,94.00,-0.010809,0.102356,-0.142617
21256,1,1,68.9,0.00,94.00,0.044058,0.097701,-0.163829
21328,1,1,68.9,0.00,94.00,0.040850,0.090592,-0.121695
21378,1,1,74.6,0.00,94.00,0.000000,0.081027,-0.039901
21450,1,1,74.6,0.00,94.00,0.705732,0.069089,0.038660
21496,1,1,74.6,0.00,94.00,0.016336,0.054971,0.077036
21577,1,1,74.6,0.00,92.00,0.041969,0.038964,0.065260
21627,1,1,74.6,0.00,92.00,-0.049192,0.021425,0.024634
21699,1,1,74.6,0.00,92.00,-0.018064,0.002724,-0.007077
21749,1,1,74.6,0.00,92.00,0.008776,-0.016776,-0.000215
21822,1,1,74.6,0.00,92.00,0.001579,-0.036718,0.047566
21871,1,1,80.4,0.00,92.00,0.000000,-0.056756,0.109280
21944,1,1,80.4,0.00,92.00,0.675758,-0.076545,0.144973
21994,1,1,80.4,0.00,92.00,-0.155468,-0.095725,0.126327
22067,1,1,80.4,0.00,92.00,-0.004772,-0.113926,0.054318
22112,1,1,80.4,0.00,92.00,0.117065,-0.130807,-0.040835
22193,1,1,80.4,0.00,93.00,0.086031,-0.146078,-0.117236
22243,1,1,80.4,0.00,93.00,0.085264,-0.159500,-0.145530
22316,1,1,80.4,0.00,93.00,0.035500,-0.170878,-0.124890
22366,1,1,80.4,0.00,93.00,0.080412,-0.180067,-0.081123
22439,1,1,80.4,0.00,93.00,0.033657,-0.186974,-0.048533
22485,1,1,80.4,0.00,93.00,-0.042038,-0.191561,-0.047306
22561,1,1,80.4,1.00,93.00,-0.017918,-0.193844,-0.070756
22608,1,1,80.4,1.00,93.00,0.036688,-0.193896,-0.090236
22684,1,1,80.4,3.00,93.00,-0.036648,-0.191834,-0.074291
22729,1,1,80.4,3.00,93.00,-0.186216,-0.187820,-0.009913
22810,1,1,80.4,4.00,93.00,-0.026054,-0.182052,0.087217
22857,1,1,80.4,4.00,93.00,-0.119333,-0.174765,0.179577
22932,1,1,80.4,5.00,93.00,-0.146189,-0.166218,0.227485
22979,1,1,80.4,5.00,93.00,-0.420542,-0.156689,0.210035
23056,1,1,80.4,5.00,93.00,-0.204981,-0.146476,0.135571
23102,1,1,80.4,5.00,93.00,-0.199434,-0.135894,0.036412
23178,1,1,80.4,6.00,93.00,-0.073778,-0.125256,-0.048413
23225,1,1,80.4,6.00,93.00,-0.020864,-0.114837,-0.092366
23301,1,1,80.4,7.00,93.00,0.041948,-0.104854,-0.092193
23346,1,1,80.4,7.00,93.00,0.025076,-0.095454,-0.065509
23427,1,1,80.4,7.00,93.00,0.061295,-0.086714,-0.038109
23474,1,1,80.4,7.00,93.00,0.082916,-0.078646,-0.029197
23550,1,1,80.4,8.00,93.00,0.040703,-0.071207,-0.042693
23596,1,1,80.4,8.00,93.00,0.105183,-0.064311,-0.068184
23672,1,1,80.4,8.00,93.00,0.070093,-0.057841,-0.089147
23719,1,1,80.4,8.00,93.00,0.100132,-0.051660,-0.092558
23795,1,1,80.4,9.00,93.00,0.100866,-0.045619,-0.074442
23842,1,1,80.4,9.00,93.00,0.131916,-0.039569,-0.039431
23918,1,1,80.4,9.00,93.00,0.093300,-0.033366,0.003724
23963,1,1,80.4,9.00,93.00,0.065435,-0.026880,0.046901
24045,1,1,80.4,10.00,91.00,0.093355,-0.020001,0.084694
24091,1,1,80.4,10.00,91.00,-0.171593,-0.012656,0.113487
24167,1,1,80.4,10.00,91.00,-0.292692,-0.004817,0.129436
24213,1,1,80.4,10.00,91.00,-0.587772,0.003467,0.127812
24290,1,1,80.4,11.00,91.00,-0.256193,0.012060,0.104799
24337,1,1,80.4,11.00,91.00,-0.098707,0.020745,0.060781
24413,1,1,80.4,11.00,91.00,0.031971,0.029280,0.002851
24459,1,1,80.4,11.00,91.00,0.112011,0.037448,-0.055472
24536,1,1,80.4,12.00,91.00,0.151478,0.045090,-0.097961
24581,1,1,74.6,12.00,91.00,0.000000,0.052113,-0.111754
24662,1,1,74.6,13.00,88.00,0.050495,0.058482,-0.093432
24709,1,1,74.6,13.00,88.00,0.054678,0.064200,-0.052188
24785,1,1,74.6,13.00,88.00,0.027800,0.069295,-0.007709
24832,1,1,74.6,13.00,88.00,0.099712,0.073815,0.017615
24908,1,1,74.6,14.00,88.00,0.045786,0.077822,0.009589
24955,1,1,68.9,14.00,88.00,0.000000,0.081389,-0.028936
25031,1,1,68.9,14.00,88.00,-0.346020,0.084583,-0.076665
25077,1,1,68.9,14.00,88.00,0.055767,0.087446,-0.102320
25153,1,1,68.9,14.00,88.00,0.028564,0.089993,-0.080115
25198,1,1,68.9,14.00,88.00,0.040550,0.092224,-0.004762
25280,1,1,68.9,14.00,86.00,-0.021217,0.094151,0.102447
25326,1,1,68.9,14.00,86.00,-0.012058,0.095789,0.200920
25402,1,1,68.9,14.00,86.00,-0.003178,0.097157,0.248663
25449,1,1,68.9,14.00,86.00,-0.002481,0.098268,0.221876
25525,1,1,68.9,14.00,86.00,-0.008186,0.099136,0.126140
25571,1,1,68.9,14.00,86.00,0.005482,0.099771,-0.006331
25647,1,1,68.9,14.00,86.00,-0.006435,0.100184,-0.131410
25694,1,1,63.1,14.00,86.00,0.000000,0.100383,-0.211805
25770,1,1,63.1,14.00,86.00,0.921644,0.100389,-0.230648
25815,1,1,63.1,14.00,86.00,-0.544147,0.100258,-0.194364
25896,1,1,63.1,14.00,84.00,-0.640610,0.100064,-0.125223
25943,1,1,63.1,14.00,84.00,-0.663567,0.099814,-0.049010
26019,1,1,63.1,14.00,84.00,0.925774,0.099411,0.015250
26065,1,1,63.1,14.00,84.00,1.104136,0.098753,0.059212
26141,1,1,63.1,14.00,84.00,-0.530798,0.097848,0.083293
26188,1,1,63.1,14.00,84.00,0.066132,0.096805,0.092739
26264,1,1,63.1,14.00,84.00,0.091938,0.095731,0.094551
26310,1,1,63.1,14.00,84.00,-0.167553,0.094686,0.094978
26386,1,1,63.1,14.00,84.00,-0.252453,0.093688,0.096186
26432,1,1,63.1,14.00,84.00,-0.191587,0.092703,0.093274
26513,1,1,63.1,14.00,83.00,0.133217,0.091655,0.075323
26560,1,1,63.1,14.00,83.00,0.362322,0.090448,0.032553
26636,1,1,63.1,14.00,83.00,0.090418,0.089023,-0.033615
26683,1,1,63.1,14.00,83.00,0.342186,0.087371,-0.104917
26759,1,1,63.1,14.00,83.00,0.324095,0.085527,-0.151267
26805,1,1,63.1,14.00,83.00,-1.174442,0.083549,-0.146165
26881,1,1,63.1,14.00,83.00,-0.641333,0.081437,-0.084439
26927,1,1,63.1,14.00,83.00,-0.342566,0.079070,0.009207
27004,1,1,63.1,14.00,83.00,-0.226034,0.076223,0.088451
27049,1,1,63.1,14.00,83.00,-0.562765,0.072649,0.108559
27131,1,1,63.1,14.00,80.00,-0.076708,0.068126,0.052955
27177,1,1,63.1,14.00,80.00,-0.090038,0.062480,-0.052503
27254,1,1,63.1,14.00,80.00,-0.125677,0.055610,-0.148367
27300,1,1,63.1,14.00,80.00,0.336361,0.047514,-0.171926
27377,1,1,63.1,14.00,80.00,-0.034929,0.038295,-0.093799
27423,1,1,63.1,14.00,80.00,0.361326,0.028160,0.060421
27499,1,1,63.1,14.00,80.00,0.421320,0.017408,0.218067
27546,1,1,63.1,14.00,80.00,-0.813459,0.006403,0.295123
27622,1,1,63.1,14.00,80.00,0.041801,-0.004492,0.241417
27668,1,1,63.1,14.00,80.00,0.663115,-0.014962,0.070280
27750,1,1,63.1,14.00,79.00,-0.047564,-0.024718,-0.144573
27796,1,1,63.1,14.00,79.00,-0.344870,-0.033463,-0.304091
27872,1,1,63.1,14.00,79.00,0.213898,-0.040938,-0.332372
27919,1,1,68.9,14.00,79.00,0.000000,-0.046955,-0.213355
27995,1,1,68.9,14.00,79.00,0.914207,-0.051371,0.002242
28041,1,1,63.1,14.00,79.00,0.000000,-0.054051,0.221771
28117,1,1,63.1,14.00,79.00,-0.680595,-0.054867,0.353793
28164,1,1,63.1,14.00,79.00,-1.215185,-0.053793,0.348193
28240,1,1,63.1,14.00,79.00,-0.357988,-0.050994,0.214641
28285,1,1,63.1,14.00,79.00,0.072889,-0.046817,0.012456
28367,1,1,63.1,14.00,77.00,-0.048580,-0.041683,-0.180344
28413,1,1,63.1,14.00,77.00,0.387684,-0.035976,-0.301142
28490,1,1,63.1,14.00,77.00,0.975834,-0.029985,-0.323215
28537,1,1,63.1,14.00,77.00,0.007874,-0.023866,-0.256356
28613,1,1,63.1,14.00,77.00,-0.158573,-0.017659,-0.133548
28660,1,1,63.1,14.00,77.00,-0.160240,-0.011375,0.004822
28736,1,1,63.1,14.00,77.00,-0.367313,-0.005063,0.121288
28783,1,1,63.1,14.00,77.00,-0.298347,0.001160,0.186107
28859,1,1,63.1,14.00,77.00,-0.038342,0.007125,0.181595
28904,1,1,63.1,14.00,77.00,-0.001717,0.012637,0.109258
28986,1,1,63.1,13.00,75.00,0.042860,0.017519,-0.003627
29033,1,1,63.1,13.00,75.00,0.072721,0.021637,-0.106309
29109,1,1,63.1,13.00,75.00,0.077477,0.024908,-0.141629
29155,1,1,63.1,13.00,75.00,0.144049,0.027300,-0.074147
29231,1,1,63.1,12.00,75.00,0.096582,0.028829,0.084715
29278,1,1,63.1,12.00,75.00,0.384483,0.029553,0.271416
29354,1,1,63.1,11.00,75.00,0.079245,0.029576,0.393313
29401,1,1,63.1,11.00,75.00,0.730566,0.029042,0.372301
29477,1,1,63.1,11.00,75.00,0.109934,0.028136,0.187572
29522,1,1,63.1,11.00,75.00,0.206038,0.027074,-0.106482
29604,1,1,63.1,10.00,73.00,0.109152,0.026061,-0.399523
29650,1,1,63.1,10.00,73.00,0.492796,0.025268,-0.574259
29726,1,1,63.1,10.00,73.00,0.352978,0.024833,-0.561018
29773,1,1,63.1,10.00,73.00,0.411152,0.024880,-0.369878
29849,1,1,63.1,9.00,73.00,0.086229,0.025512,-0.083840
29895,1,1,63.1,9.00,73.00,-0.090082,0.026791,0.182735
29971,1,1,63.1,9.00,73.00,-0.250246,0.028699,0.337895
30020,1,1,63.1,9.00,73.00,-0.321581,0.031109,0.350211
30094,1,1,63.1,8.00,73.00,0.028198,0.033796,0.253524
30139,1,1,63.1,8.00,73.00,1.432001,0.036483,0.119819
30220,1,1,63.1,8.00,72.00,0.279217,0.038953,0.018297
30267,1,1,68.9,8.00,72.00,0.000000,0.041104,-0.016464
30343,1,1,68.9,8.00,72.00,-2.090895,0.042865,0.007144
30389,1,1,68.9,8.00,72.00,-0.083256,0.044039,0.052018
30465,1,1,68.9,9.00,72.00,-0.030375,0.044261,0.076555
30511,1,1,68.9,9.00,72.00,-0.035358,0.043116,0.054729
30587,1,1,68.9,9.00,72.00,-0.033640,0.040268,-0.014856
30634,1,1,68.9,9.00,72.00,0.011955,0.035498,-0.110016
30710,1,1,68.9,9.00,72.00,-0.021120,0.028701,-0.192989
30755,1,1,68.9,9.00,72.00,-0.033440,0.019879,-0.223915
30836,1,1,68.9,9.00,72.00,-0.067299,0.009126,-0.178248
30883,1,1,68.9,9.00,72.00,-0.020025,-0.003385,-0.062360
30959,1,1,68.9,10.00,72.00,-0.028446,-0.017420,0.082104
31006,1,1,68.9,10.00,72.00,-0.012444,-0.032688,0.192087
31082,1,1,68.9,10.00,72.00,0.023001,-0.048859,0.212412
31128,1,1,68.9,10.00,72.00,0.024458,-0.065569,0.126577
31205,1,1,68.9,10.00,72.00,0.001497,-0.082433,-0.029063
31251,1,1,68.9,10.00,72.00,-0.054142,-0.099064,-0.178670
31328,1,1,68.9,10.00,72.00,-0.111013,-0.115083,-0.243536
31373,1,1,68.9,10.00,72.00,-0.112705,-0.130146,-0.183362
31455,1,1,68.9,10.00,76.00,-0.010986,-0.143952,-0.019488
31501,1,1,68.9,10.00,76.00,0.034073,-0.156245,0.173597
31578,1,1,68.9,9.00,76.00,0.014242,-0.166804,0.304864
31623,1,1,68.9,9.00,76.00,0.024414,-0.175446,0.312283
31700,1,1,68.9,9.00,76.00,0.037584,-0.182018,0.193198
31747,1,1,68.9,9.00,76.00,0.002220,-0.186414,0.003817
31823,1,1,68.9,9.00,76.00,0.022280,-0.188566,-0.170959
31870,1,1,68.9,9.00,76.00,0.058207,-0.188458,-0.260414
31946,1,1,68.9,10.00,76.00,0.035561,-0.186115,-0.240660
31991,1,1,68.9,10.00,76.00,0.001431,-0.181606,-0.140895
32073,1,1,68.9,10.00,80.00,-0.030020,-0.175040,-0.022217
32120,1,1,68.9,10.00,80.00,-0.000572,-0.166572,0.057364
32195,1,1,68.9,11.00,80.00,-0.021450,-0.156394,0.071944
32242,1,1,68.9,11.00,80.00,-0.074570,-0.144735,0.036053
32318,1,1,68.9,11.00,80.00,-0.166639,-0.131853,-0.009785
32364,1,1,68.9,11.00,80.00,-0.199331,-0.118037,-0.025813
32440,1,1,68.9,11.00,80.00,-0.038111,-0.103602,0.003881
32487,1,1,68.9,11.00,80.00,0.043070,-0.088875,0.064212
32563,1,1,68.9,12.00,80.00,0.079638,-0.074164,0.120160
32608,1,1,68.9,12.00,80.00,0.149050,-0.059739,0.138155
32690,1,1,68.9,12.00,85.00,0.040972,-0.045814,0.105014
32737,1,1,68.9,12.00,85.00,-0.012627,-0.032556,0.034179
32813,1,1,68.9,12.00,85.00,-0.063213,-0.020097,-0.043184
32860,1,1,68.9,12.00,85.00,-0.070896,-0.008549,-0.096027
32936,1,1,68.9,13.00,85.00,-0.027309,0.001989,-0.109521
32983,1,1,68.9,13.00,85.00,-0.074562,0.011432,-0.090481
33059,1,1,68.9,13.00,85.00,-0.044779,0.019716,-0.059954
33105,1,1,68.9,13.00,85.00,-0.152060,0.026791,-0.038409
33182,1,1,68.9,13.00,85.00,-0.017565,0.032629,-0.033021
33227,1,1,74.6,13.00,85.00,0.000000,0.037220,-0.034703
33308,1,1,74.6,14.00,90.00,0.731598,0.040591,-0.026179
33355,1,1,74.6,14.00,90.00,0.006214,0.042836,0.004555
33430,1,1,74.6,14.00,90.00,0.015234,0.044125,0.054205
33477,1,1,74.6,14.00,90.00,0.027008,0.044655,0.103977
33553,1,1,74.6,14.00,90.00,-0.020727,0.044613,0.129221
33599,1,1,74.6,14.00,90.00,-0.001049,0.044158,0.112999
33675,1,1,74.6,14.00,90.00,0.010313,0.043423,0.055790
33722,1,1,74.6,14.00,90.00,0.029125,0.042513,-0.023547
33798,1,1,74.6,15.00,90.00,-0.003387,0.041516,-0.095515
33843,1,1,74.6,15.00,90.00,0.003204,0.040497,-0.132324
33925,1,1,74.6,15.00,93.00,-0.024656,0.039507,-0.119321
33971,1,1,74.6,15.00,93.00,-0.054071,0.038576,-0.060958
34047,1,1,74.6,16.00,93.00,-0.046227,0.037713,0.020762
34094,1,1,74.6,16.00,93.00,-0.057518,0.036913,0.094648
34170,1,1,74.6,16.00,93.00,-0.013136,0.036152,0.132301
34216,1,1,74.6,16.00,93.00,-0.073246,0.035400,0.119171
34293,1,1,74.6,16.00,93.00,-0.035425,0.034623,0.060298
34340,1,1,74.6,16.00,93.00,-0.020452,0.033785,-0.021717
34416,1,1,74.6,17.00,93.00,-0.017025,0.032854,-0.095886
34461,1,1,74.6,17.00,93.00,0.006189,0.031806,-0.135391
34542,1,1,74.6,17.00,95.00,0.058538,0.030630,-0.128154
34589,1,1,74.6,17.00,95.00,0.075731,0.029331,-0.080825
34665,1,1,74.6,17.00,95.00,0.017115,0.027931,-0.014617
34712,1,1,74.6,17.00,95.00,0.036604,0.026470,0.044778
34788,1,1,74.6,17.00,95.00,-0.025955,0.024992,0.078263
34834,1,1,74.6,17.00,95.00,-0.071442,0.023543,0.080287
34911,1,1,74.6,17.00,95.00,0.008305,0.022157,0.058893
34957,1,1,74.6,17.00,95.00,0.044174,0.020859,0.029675
35033,1,1,74.6,17.00,95.00,-0.005827,0.019669,0.007336
35079,1,1,74.6,17.00,95.00,-0.015804,0.018608,-0.000754
35160,1,1,74.6,17.00,98.00,-0.014210,0.017694,0.003741
35207,1,1,74.6,17.00,98.00,0.099731,0.016937,0.013060
35283,1,1,74.6,17.00,98.00,0.027952,0.016351,0.018504
35329,1,1,68.9,17.00,98.00,0.000000,0.015949,0.014784
35405,1,1,68.9,17.00,98.00,-0.382912,0.015739,0.001715
35452,1,1,68.9,17.00,98.00,-0.016808,0.015705,-0.016821
35528,1,1,68.9,16.00,98.00,0.012781,0.015796,-0.035391
35574,1,1,68.9,16.00,98.00,0.042242,0.015953,-0.049361
35650,1,1,68.9,16.00,98.00,0.007046,0.016130,-0.055964
35696,1,1,68.9,16.00,98.00,0.078848,0.016300,-0.053971
35777,1,1,68.9,16.00,101.00,0.032476,0.016456,-0.042865
35824,1,1,68.9,16.00,101.00,0.034697,0.016607,-0.022779
35899,1,1,68.9,16.00,101.00,0.043175,0.016769,0.004374
35946,1,1,68.9,16.00,101.00,-0.025442,0.016969,0.033526
36022,1,1,68.9,16.00,101.00,0.011761,0.017228,0.056577
36068,1,1,68.9,16.00,101.00,-0.025528,0.017563,0.065058
36144,1,1,68.9,16.00,101.00,0.012796,0.017983,0.054492
36189,1,1,68.9,16.00,101.00,0.070940,0.018489,0.027964
36266,1,1,68.9,16.00,101.00,0.032375,0.019083,-0.003765
36312,1,1,68.9,16.00,101.00,0.016911,0.019767,-0.026480
36393,1,1,68.9,16.00,103.00,0.002373,0.020542,-0.029376
36440,1,1,68.9,16.00,103.00,-0.014843,0.021405,-0.010995
36516,1,1,68.9,16.00,103.00,-0.052185,0.022345,0.019169
36562,1,1,68.9,16.00,103.00,-0.109715,0.023336,0.044690
36639,1,1,68.9,16.00,103.00,-0.090210,0.024339,0.050125
36685,1,1,68.9,16.00,103.00,-0.119972,0.025297,0.028903
36761,1,1,68.9,17.00,103.00,0.000071,0.026143,-0.012878
36808,1,1,68.9,17.00,103.00,-0.055735,0.026810,-0.058819
36884,1,1,68.9,17.00,103.00,-0.038038,0.027240,-0.089659
36929,1,1,68.9,17.00,103.00,-0.050028,0.027390,-0.092136
37010,1,1,68.9,17.00,106.00,-0.015808,0.027228,-0.064970
37057,1,1,68.9,17.00,106.00,-0.017750,0.026739,-0.019202
37133,1,1,68.9,17.00,106.00,-0.028225,0.025926,0.027047
37179,1,1,68.9,17.00,106.00,-0.033539,0.024802,0.056777
37255,1,1,68.9,18.00,106.00,0.022579,0.023398,0.061360
37302,1,1,68.9,18.00,106.00,0.083328,0.021754,0.043613
37378,1,1,68.9,18.00,106.00,0.036798,0.019928,0.015553
37424,1,1,68.9,18.00,106.00,0.000172,0.017993,-0.007795
37500,1,1,68.9,18.00,106.00,0.006006,0.016030,-0.015450
37545,1,1,68.9,18.00,106.00,-0.005127,0.014117,-0.005114
37627,1,1,68.9,18.00,107.00,0.019346,0.012323,0.016482
37673,1,1,68.9,18.00,107.00,0.074034,0.010710,0.037355
37749,1,1,68.9,19.00,107.00,0.029291,0.009333,0.046194
37795,1,1,68.9,19.00,107.00,0.007929,0.008242,0.037606
37871,1,1,68.9,18.00,107.00,-0.023584,0.007474,0.014332
37918,1,1,68.9,18.00,107.00,0.018526,0.007053,-0.014469
37993,1,1,68.9,17.00,107.00,0.006943,0.006984,-0.037893
38040,1,1,68.9,17.00,107.00,0.060087,0.007259,-0.048499
38116,1,1,68.9,16.00,107.00,0.028555,0.007859,-0.045412
38161,1,1,68.9,16.00,107.00,-0.040346,0.008759,-0.033821
38243,1,1,68.9,15.00,107.00,-0.062567,0.009925,-0.021413
38290,1,1,68.9,15.00,107.00,0.064049,0.011306,-0.013911
38365,1,1,68.9,14.00,107.00,0.062489,0.012844,-0.012289
38412,1,1,68.9,14.00,107.00,-0.003193,0.014480,-0.013030
38488,1,1,68.9,14.00,107.00,-0.012304,0.016160,-0.010903
38534,1,1,68.9,14.00,107.00,0.008753,0.017833,-0.002396
38611,1,1,68.9,13.00,107.00,-0.034370,0.019442,0.012169
38658,1,1,68.9,13.00,107.00,-0.089169,0.020931,0.028772
38733,1,1,68.9,12.00,107.00,0.007954,0.022240,0.041743
38779,1,1,68.9,12.00,107.00,0.032795,0.023308,0.046494
38860,1,1,68.9,12.00,107.00,0.040964,0.024085,0.041583
38906,1,1,68.9,12.00,107.00,0.040537,0.024537,0.029230
38982,1,1,68.9,11.00,107.00,0.040941,0.024650,0.014168
39029,1,1,68.9,11.00,107.00,0.069576,0.024427,0.001425
39105,1,1,68.9,11.00,107.00,0.010693,0.023884,-0.005962
39151,1,1,74.6,11.00,107.00,0.000000,0.023048,-0.008251
39227,1,1,74.6,10.00,107.00,0.500835,0.021959,-0.008650
39274,1,1,74.6,10.00,107.00,-0.071697,0.020676,-0.011371
39350,1,1,74.6,10.00,107.00,-0.023926,0.019282,-0.018977
39395,1,1,74.6,10.00,107.00,-0.059086,0.017855,-0.030423
39476,1,1,74.6,9.00,107.00,0.026682,0.016445,-0.041072
39523,1,1,74.6,9.00,107.00,-0.027346,0.015073,-0.045003
39598,1,1,74.6,9.00,107.00,-0.025257,0.013742,-0.038393
39645,1,1,74.6,9.00,107.00,0.011131,0.012442,-0.021866
39720,1,1,74.6,8.00,107.00,0.022329,0.011152,-0.000228
39767,1,1,74.6,8.00,107.00,-0.042048,0.009848,0.020198
39843,1,1,74.6,8.00,107.00,0.002180,0.008507,0.034748
39889,1,1,74.6,8.00,107.00,0.022802,0.007102,0.042002
39965,1,1,74.6,7.00,107.00,0.007811,0.005612,0.043000
40010,1,1,74.6,7.00,107.00,-0.006067,0.004020,0.039090
40091,1,1,74.6,7.00,105.00,-0.004055,0.002317,0.030367
40137,1,1,74.6,7.00,105.00,0.004639,0.000498,0.016017
40214,1,1,74.6,7.00,105.00,-0.022709,-0.001438,-0.003711
40260,1,1,74.6,7.00,105.00,-0.059282,-0.003488,-0.025573
40336,1,1,74.6,6.00,105.00,-0.056738,-0.005647,-0.043233
40383,1,1,74.6,6.00,105.00,-0.046347,-0.007914,-0.049608
40459,1,1,74.6,6.00,105.00,0.011768,-0.010289,-0.040524
40505,1,1,74.6,6.00,105.00,0.020006,-0.012765,-0.017550
40581,1,1,74.6,6.00,105.00,0.014551,-0.015323,0.011861
40627,1,1,74.6,6.00,105.00,0.034668,-0.017934,0.037274
40708,1,1,74.6,5.00,105.00,0.046978,-0.020554,0.049802
40755,1,1,74.6,5.00,105.00,0.103304,-0.023130,0.045861
40830,1,1,74.6,5.00,105.00,0.076580,-0.025598,0.028253
40877,1,1,74.6,5.00,105.00,0.109369,-0.027883,0.004238
40952,1,1,74.6,5.00,105.00,0.040871,-0.029908,-0.018101
40999,1,1,74.6,5.00,105.00,-0.027737,-0.031598,-0.033152
41074,1,1,74.6,5.00,105.00,-0.036823,-0.032893,-0.039199
41121,1,1,74.6,5.00,105.00,-0.040165,-0.033760,-0.037719
41197,1,1,74.6,4.00,105.00,-0.011160,-0.034194,-0.031450
41242,1,1,74.6,4.00,105.00,-0.077072,-0.034213,-0.022559
41323,1,1,74.6,4.00,105.00,-0.049185,-0.033855,-0.011841
41370,1,1,74.6,4.00,105.00,-0.121376,-0.033175,0.000848
41445,1,1,74.6,4.00,105.00,-0.090149,-0.032245,0.015412
41492,1,1,74.6,4.00,105.00,-0.098059,-0.031148,0.030377
41569,1,1,74.6,4.00,105.00,-0.015821,-0.029976,0.042536
41616,1,1,74.6,4.00,105.00,-0.013115,-0.028813,0.047746
41691,1,1,74.6,4.00,105.00,-0.010841,-0.027731,0.042689
41738,1,1,74.6,4.00,105.00,0.049538,-0.026780,0.026797
41814,1,1,74.6,3.00,105.00,0.086958,-0.025986,0.003307
41859,1,1,74.6,3.00,105.00,0.180716,-0.025345,-0.021372
41940,1,1,74.6,3.00,106.00,0.102854,-0.024824,-0.039926
41984,1,1,74.6,3.00,106.00,0.070724,-0.024362,-0.047060
42060,1,1,74.6,3.00,106.00,0.061934,-0.023880,-0.041635
42104,1,1,74.6,3.00,106.00,0.038622,-0.023304,-0.026953
42181,1,1,74.6,3.00,106.00,-0.007732,-0.022566,-0.009062
42225,1,1,74.6,3.00,106.00,-0.016443,-0.021619,0.006026
42301,1,1,74.6,3.00,106.00,0.017052,-0.020435,0.014881
42345,1,1,74.6,3.00,106.00,-0.023943,-0.019011,0.017763
42421,1,1,74.6,3.00,106.00,-0.015665,-0.017361,0.017855
42465,1,1,74.6,3.00,106.00,-0.041786,-0.015517,0.019031
42541,1,1,74.6,3.00,106.00,-0.108574,-0.013525,0.023301
42585,1,1,74.6,3.00,106.00,-0.149122,-0.011449,0.029259
42708,0,0,nan,2.00,0.00,0.000000,0.000000,0.000000
42826,0,1,74.6,0.00,0.00,0.000000,-0.009370,0.032387
42903,0,1,74.6,2.00,0.00,0.067764,-0.007376,0.027233
42950,0,1,74.6,2.00,0.00,0.006266,-0.005544,0.010525
43026,0,1,74.6,2.00,0.00,0.088737,-0.003927,-0.016260
43073,0,1,74.6,2.00,0.00,0.098783,-0.002553,-0.046309
43149,0,1,74.6,2.00,0.00,0.012964,-0.001426,-0.069549
43196,0,1,74.6,2.00,0.00,-0.068401,-0.000529,-0.076774
43273,0,1,74.6,2.00,0.00,-0.074152,0.000155,-0.064005
43320,0,1,74.6,2.00,0.00,-0.060173,0.000636,-0.034791
43396,0,1,74.6,2.00,0.00,0.013578,0.000914,0.001028
43443,0,1,74.6,2.00,0.00,0.053385,0.000990,0.031762
43519,0,1,74.6,2.00,0.00,0.019072,0.000870,0.049383
43566,0,1,74.6,2.00,0.00,0.022974,0.000576,0.053142
43689,0,1,74.6,2.00,0.00,0.085669,0.000139,0.049150
43765,0,1,74.6,2.00,0.00,0.007629,-0.000401,0.045947
43812,0,1,74.6,2.00,0.00,-0.092379,-0.000998,0.048504
43887,0,1,74.6,2.00,0.00,0.029112,-0.001613,0.054303
43934,0,1,74.6,2.00,0.00,0.065870,-0.002214,0.054154
44010,0,1,74.6,1.00,0.00,-0.007273,-0.002775,0.037723
44056,0,1,74.6,1.00,0.00,-0.054056,-0.003270,0.000787
44132,0,1,74.6,1.00,0.00,-0.055717,-0.003681,-0.050079
44179,0,1,74.6,1.00,0.00,-0.074932,-0.004000,-0.098601
44254,0,1,74.6,1.00,0.00,-0.015963,-0.004238,-0.125723
44300,0,1,74.6,1.00,0.00,-0.041077,-0.004411,-0.118982
44381,1,1,74.6,1.00,105.00,-0.057121,-0.004542,-0.079250
44425,1,1,74.6,1.00,105.00,-0.059196,-0.004653,-0.020965
44501,1,1,74.6,1.00,105.00,-0.047926,-0.004768,0.034477
44543,1,1,74.6,1.00,105.00,-0.025969,-0.004912,0.068662
44620,1,1,74.6,1.00,105.00,0.013395,-0.005103,0.074178
44664,1,1,74.6,1.00,105.00,0.040947,-0.005350,0.056684
44740,1,1,74.6,1.00,105.00,0.015892,-0.005647,0.030443
44784,1,1,74.6,1.00,105.00,-0.047832,-0.005976,0.010240
44860,1,1,74.6,1.00,105.00,-0.024954,-0.006312,0.004147
44902,1,1,74.6,1.00,105.00,-0.027086,-0.006629,0.010697
44984,1,1,74.6,1.00,104.00,-0.001396,-0.006907,0.021310
45028,1,1,74.6,1.00,104.00,-0.032408,-0.007128,0.026053
45104,1,1,74.6,1.00,104.00,-0.001842,-0.007272,0.019374
45148,1,1,74.6,1.00,104.00,-0.016304,-0.007324,0.002872
45224,1,1,74.6,1.00,104.00,-0.017756,-0.007270,-0.016058
45268,1,1,74.6,1.00,104.00,0.061874,-0.007096,-0.028636
45344,1,1,74.6,1.00,104.00,0.015091,-0.006789,-0.029616
45388,1,1,74.6,1.00,104.00,-0.019293,-0.006333,-0.020067
45464,1,1,74.6,1.00,104.00,-0.003490,-0.005713,-0.006613
45506,1,1,74.6,1.00,104.00,0.079918,-0.004919,0.002297
45588,1,1,74.6,1.00,101.00,0.120987,-0.003942,0.000975
45632,1,1,74.6,1.00,101.00,0.184538,-0.002768,-0.010503
45708,1,1,74.6,1.00,101.00,0.094719,-0.001371,-0.026338
45752,1,1,74.6,1.00,101.00,0.129374,0.000287,-0.037936
45828,1,1,74.6,1.00,101.00,0.019005,0.002240,-0.038140
45872,1,1,74.6,1.00,101.00,-0.042364,0.004508,-0.024744
45947,1,1,74.6,1.00,101.00,-0.069132,0.007086,-0.001644
45991,1,1,74.6,1.00,101.00,-0.077770,0.009933,0.022887
46067,1,1,74.6,1.00,101.00,-0.017752,0.012974,0.040034
46110,1,1,74.6,1.00,101.00,0.000654,0.016111,0.044590
46191,1,1,74.6,1.00,98.00,0.038658,0.019239,0.037430
46235,1,1,74.6,1.00,98.00,0.114080,0.022257,0.024958
46313,1,1,74.6,1.00,98.00,0.056448,0.025079,0.015627
46357,1,1,74.6,1.00,98.00,0.069754,0.027642,0.015141
46433,1,1,74.6,1.00,98.00,0.034647,0.029900,0.022831
46476,1,1,74.6,1.00,98.00,0.019260,0.031819,0.031327
46553,1,1,74.6,0.00,98.00,-0.008724,0.033373,0.030104
46601,1,1,74.6,0.00,98.00,-0.035789,0.034539,0.011388
46674,1,1,74.6,0.00,98.00,-0.010059,0.035293,-0.024528
46717,1,1,74.6,0.00,98.00,-0.005308,0.035611,-0.067569
46798,1,1,74.6,0.00,96.00,-0.071821,0.035474,-0.101122
46846,1,1,74.6,0.00,96.00,-0.133768,0.034862,-0.109142
46919,1,1,74.6,0.00,96.00,-0.146345,0.033756,-0.083873
46966,1,1,74.6,0.00,96.00,0.052067,0.032132,-0.030410
47039,1,1,74.6,0.00,96.00,0.105745,0.029976,0.034379
47086,1,1,74.6,0.00,96.00,0.150137,0.027300,0.088383
47159,1,1,74.6,0.00,96.00,0.013521,0.024159,0.113429
47207,1,1,74.6,0.00,96.00,-0.026354,0.020640,0.102863
47282,1,1,74.6,0.00,96.00,-0.047565,0.016840,0.063851
47327,1,1,74.6,0.00,96.00,-0.109589,0.012853,0.013295
47409,1,1,74.6,0.00,94.00,-0.128122,0.008758,-0.030455
47458,1,1,68.9,0.00,94.00,0.000000,0.004616,-0.055611
47531,1,1,68.9,0.00,94.00,-0.462481,0.000469,-0.060516
47581,1,1,68.9,0.00,94.00,0.095516,-0.003662,-0.051381
47654,1,1,68.9,0.00,94.00,0.032301,-0.007769,-0.036389
47703,1,1,68.9,0.00,94.00,-0.039869,-0.011840,-0.020345
47776,1,1,68.9,0.00,94.00,-0.024624,-0.015836,-0.003198
47826,1,1,68.9,0.00,94.00,-0.034828,-0.019705,0.017140
47899,1,1,68.9,0.00,94.00,-0.019165,-0.023386,0.040166
47944,1,1,74.6,0.00,94.00,0.000000,-0.026816,0.059950
48028,1,1,74.6,0.00,93.00,0.353132,-0.029924,0.066508
48076,1,1,74.6,0.00,93.00,-0.023998,-0.032623,0.051139
48149,1,1,74.6,0.00,93.00,-0.000851,-0.034809,0.012813
48199,1,1,74.6,0.00,93.00,-0.036615,-0.036382,-0.038435
48273,1,1,74.6,0.00,93.00,-0.000664,-0.037269,-0.083940
48318,1,1,74.6,0.00,93.00,0.051302,-0.037429,-0.104330
48396,1,1,74.6,0.00,93.00,0.013258,-0.036846,-0.089116
48446,1,1,74.6,0.00,93.00,-0.023983,-0.035524,-0.042565
48519,1,1,74.6,0.00,93.00,-0.049122,-0.033489,0.017747
48564,1,1,74.6,0.00,93.00,-0.068611,-0.030792,0.069158
48646,1,1,74.6,0.00,91.00,0.033308,-0.027511,0.094407
48696,1,1,74.6,0.00,91.00,0.072701,-0.023739,0.088712
48769,1,1,74.6,0.00,91.00,0.067446,-0.019573,0.060035
48819,1,1,74.6,0.00,91.00,0.117687,-0.015102,0.023220
48891,1,1,74.6,0.00,91.00,0.067015,-0.010405,-0.008070
48941,1,1,74.6,0.00,91.00,0.074677,-0.005551,-0.027121
49013,1,1,74.6,0.00,91.00,0.003462,-0.000602,-0.035133
49063,1,1,74.6,0.00,91.00,0.038542,0.004375,-0.037875
49136,1,1,74.6,0.00,91.00,0.033340,0.009311,-0.040690
49181,1,1,74.6,0.00,91.00,0.001663,0.014133,-0.044881
49262,1,1,74.6,0.00,90.00,-0.006119,0.018764,-0.047177
49311,1,1,74.6,0.00,90.00,-0.016479,0.023124,-0.042114
49384,1,1,74.6,0.00,90.00,0.024750,0.027134,-0.025696
49433,1,1,74.6,0.00,90.00,0.020428,0.030718,0.001688
49506,1,1,74.6,0.00,90.00,-0.007996,0.033807,0.034499
49556,1,1,74.6,0.00,90.00,-0.003563,0.036346,0.063743
49628,1,1,74.6,0.00,90.00,-0.007982,0.038288,0.080307
49678,1,1,74.6,0.00,90.00,-0.024027,0.039600,0.078454
49750,1,1,74.6,0.00,90.00,-0.051979,0.040257,0.058003
49796,1,1,74.6,0.00,90.00,-0.033421,0.040245,0.024383
49877,1,1,74.6,0.00,90.00,0.046513,0.039559,-0.013312
49927,1,1,74.6,0.00,90.00,0.053289,0.038210,-0.045400
50000,1,1,74.6,0.00,90.00,0.037447,0.036235,-0.064576
50049,1,1,74.6,0.00,90.00,0.010374,0.033688,-0.067766
50122,1,1,74.6,0.00,90.00,0.031425,0.030645,-0.056430
50169,1,1,74.6,0.00,90.00,-0.062872,0.027188,-0.035524
50241,1,1,74.6,0.00,90.00,-0.018597,0.023404,-0.011687
50289,1,1,74.6,0.00,90.00,-0.107141,0.019371,0.008721
50361,1,1,74.6,0.00,90.00,-0.023365,0.015160,0.021318
50404,1,1,74.6,0.00,90.00,0.060791,0.010836,0.024791
50485,1,1,74.6,0.00,89.00,0.087330,0.006460,0.021122
50533,1,1,74.6,0.00,89.00,0.055017,0.002109,0.014736
50606,1,1,74.6,0.00,89.00,0.024935,-0.002130,0.010680
50653,1,1,74.6,0.00,89.00,-0.016903,-0.006169,0.012326
50726,1,1,74.6,0.00,89.00,-0.047468,-0.009926,0.019493
50776,1,1,74.6,0.00,89.00,-0.045710,-0.013337,0.027981
50848,1,1,74.6,0.00,89.00,-0.000330,-0.016360,0.031132
50898,1,1,74.6,0.00,89.00,0.016476,-0.018967,0.023118
50971,1,1,74.6,0.00,89.00,-0.008831,-0.021146,0.002602
51017,1,1,74.6,0.00,89.00,-0.031668,-0.022889,-0.025251
51098,1,1,74.6,0.00,88.00,-0.012245,-0.024200,-0.049963
51148,1,1,74.6,0.00,88.00,-0.000187,-0.025090,-0.060184
51221,1,1,74.6,0.00,88.00,-0.009085,-0.025582,-0.049497
51271,1,1,74.6,0.00,88.00,0.013966,-0.025701,-0.020496
51344,1,1,74.6,0.00,88.00,-0.029108,-0.025477,0.015424
51394,1,1,68.9,0.00,88.00,0.000000,-0.024941,0.042976
51467,1,1,68.9,0.00,88.00,-0.464605,-0.024135,0.050310
51517,1,1,68.9,0.00,88.00,-0.039755,-0.023126,0.034923
51589,1,1,68.9,0.00,88.00,-0.039551,-0.022008,0.004904
51635,1,1,68.9,0.00,88.00,-0.004435,-0.020885,-0.025178
51716,1,1,68.9,0.00,87.00,0.022783,-0.019838,-0.041459
51766,1,1,68.9,0.00,87.00,0.017883,-0.018918,-0.037122
51838,1,1,68.9,0.00,87.00,0.025747,-0.018149,-0.014824
51888,1,1,68.9,0.00,87.00,-0.029837,-0.017527,0.015392
51961,1,1,68.9,0.00,87.00,-0.062897,-0.017035,0.040944
52011,1,1,68.9,0.00,87.00,-0.035488,-0.016647,0.051718
52084,1,1,68.9,0.00,87.00,-0.000618,-0.016335,0.043368
52133,1,1,68.9,0.00,87.00,0.000166,-0.016073,0.018321
52206,1,1,68.9,0.00,87.00,-0.029125,-0.015826,-0.015225
52251,1,1,74.6,0.00,87.00,0.000000,-0.015559,-0.045770
52333,1,1,74.6,0.00,87.00,0.261328,-0.015233,-0.062012
52383,1,1,74.6,0.00,87.00,-0.051355,-0.014799,-0.056750
52456,1,1,74.6,0.00,87.00,-0.018208,-0.014195,-0.030052
52505,1,1,74.6,0.00,87.00,-0.058687,-0.013367,0.009793
52578,1,1,74.6,0.00,87.00,-0.045696,-0.012282,0.048511
52628,1,1,74.6,0.00,87.00,-0.051041,-0.010934,0.070964
52700,1,1,74.6,0.00,87.00,-0.010311,-0.009335,0.067328
52750,1,1,74.6,0.00,87.00,-0.012955,-0.007513,0.037710
52822,1,1,74.6,0.00,87.00,-0.004812,-0.005503,-0.007070
52868,1,1,74.6,0.00,87.00,-0.044107,-0.003346,-0.049383
52949,1,1,74.6,0.00,87.00,-0.015875,-0.001086,-0.072075
52998,1,1,74.6,0.00,87.00,0.016380,0.001230,-0.066091
53071,1,1,74.6,0.00,87.00,-0.002871,0.003556,-0.034795
53120,1,1,74.6,0.00,87.00,-0.006668,0.005851,0.007322
53193,1,1,74.6,0.00,87.00,0.012817,0.008078,0.041289
53242,1,1,80.4,0.00,87.00,0.000000,0.010204,0.052577
53315,1,1,80.4,0.00,87.00,-0.206570,0.012199,0.037909
53365,1,1,80.4,0.00,87.00,0.029617,0.014028,0.006498
53437,1,1,80.4,0.00,87.00,0.154142,0.015653,-0.024904
53482,1,1,80.4,0.00,87.00,0.032789,0.017045,-0.040515
53563,1,1,80.4,0.00,87.00,-0.177893,0.018198,-0.033115
53608,1,1,80.4,0.00,87.00,0.022791,0.019113,-0.006930
53685,1,1,80.4,0.00,87.00,-0.178936,0.019787,0.025278
53735,1,1,80.4,0.00,87.00,0.046658,0.020203,0.048834
53809,1,1,80.4,0.00,87.00,0.013557,0.020348,0.053855
53859,1,1,80.4,0.00,87.00,-0.014709,0.020216,0.038979
53931,1,1,80.4,0.00,87.00,-0.001768,0.019817,0.011016
53981,1,1,80.4,0.00,87.00,-0.042736,0.019170,-0.018682
54053,1,1,80.4,0.00,87.00,-0.032600,0.018299,-0.039243
54096,1,1,80.4,0.00,87.00,-0.032354,0.017233,-0.044618
54177,1,1,80.4,0.00,87.00,-0.028925,0.015999,-0.035625
54224,1,1,80.4,0.00,87.00,0.009701,0.014625,-0.018969
54297,1,1,80.4,0.00,87.00,-0.012470,0.013142,-0.003680
54344,1,1,80.4,0.00,87.00,0.079102,0.011587,0.003395
54417,1,1,80.4,0.00,87.00,-0.033773,0.010004,0.000884
54464,1,1,80.4,0.00,87.00,0.014727,0.008439,-0.006730
54537,1,1,80.4,0.00,87.00,0.034477,0.006939,-0.011876
54584,1,1,80.4,0.00,87.00,0.082870,0.005550,-0.008380
54656,1,1,80.4,0.00,87.00,0.067701,0.004317,0.004816
54699,1,1,80.4,0.00,87.00,0.162722,0.003291,0.022798
54780,1,1,80.4,0.00,86.00,0.067801,0.002525,0.037243
54827,1,1,80.4,0.00,86.00,0.106054,0.002073,0.040955
54900,1,1,80.4,0.00,86.00,0.086744,0.001985,0.031792
54947,1,1,80.4,0.00,86.00,0.004993,0.002298,0.013730
55020,1,1,80.4,0.00,86.00,-0.048100,0.003027,-0.005454
55067,1,1,80.4,0.00,86.00,-0.040653,0.004159,-0.018407
55140,1,1,80.4,0.00,86.00,0.053474,0.005650,-0.021847
55187,1,1,80.4,0.00,86.00,0.099163,0.007432,-0.017593
55260,1,1,80.4,0.00,86.00,0.046703,0.009431,-0.010634
55303,1,1,80.4,0.00,86.00,0.069017,0.011575,-0.005636
55384,1,1,80.4,0.00,85.00,-0.008987,0.013796,-0.004171
55431,1,1,80.4,0.00,85.00,-0.087200,0.016019,-0.004408
55504,1,1,80.4,0.00,85.00,-0.059786,0.018163,-0.003324
55551,1,1,80.4,0.00,85.00,-0.187778,0.020130,0.000226
55624,1,1,80.4,0.00,85.00,-0.009394,0.021811,0.003939
55671,1,1,80.4,0.00,85.00,0.072689,0.023093,0.003364
55748,1,1,80.4,0.00,85.00,0.074364,0.023883,-0.004531
55795,1,1,80.4,0.00,85.00,0.070944,0.024120,-0.017952
55868,1,1,80.4,0.00,85.00,0.022900,0.023782,-0.029667
55911,1,1,80.4,0.00,85.00,-0.000408,0.022878,-0.030319
55993,1,1,80.4,0.00,84.00,-0.047262,0.021433,-0.014218
56040,1,1,80.4,0.00,84.00,-0.086779,0.019482,0.015783
56112,1,1,80.4,0.00,84.00,-0.038105,0.017062,0.047815
56163,1,1,80.4,0.00,84.00,-0.109776,0.014206,0.066080
56278,0,0,nan,0.00,0.00,0.000000,0.000000,0.000000
56394,0,0,nan,0.00,0.00,0.000000,0.000000,0.000000
56510,0,0,nan,0.00,0.00,0.000000,0.000000,0.000000
56626,0,0,nan,0.00,0.00,0.000000,0.000000,0.000000
56743,0,0,nan,0.00,0.00,0.000000,0.000000,0.000000
56862,0,0,nan,0.00,0.00,0.000000,0.000000,0.000000
56979,0,0,nan,0.00,0.00,0.000000,0.000000,0.000000
57096,0,0,nan,0.00,0.00,0.000000,0.000000,0.000000
57212,0,0,nan,0.00,0.00,0.000000,0.000000,0.000000
57329,0,0,nan,0.00,0.00,0.000000,0.000000,0.000000
57446,0,0,nan,0.00,0.00,0.000000,0.000000,0.000000
57566,0,1,63.1,0.00,0.00,0.000000,0.010948,0.059310
57639,0,1,63.1,0.00,0.00,-0.888931,0.007316,0.027888
57689,0,1,57.4,0.00,0.00,0.000000,0.003303,-0.014847
57762,0,1,57.4,0.00,0.00,-2.388823,-0.001163,-0.048627
57812,0,1,57.4,0.00,0.00,0.082840,-0.006263,-0.056842
57884,0,1,57.4,0.00,0.00,-0.032799,-0.012263,-0.035888
57934,0,1,57.4,0.00,0.00,-0.063519,-0.019387,0.002411
58007,0,1,57.4,0.00,0.00,-0.053741,-0.027712,0.037404
58057,0,1,57.4,0.00,0.00,-0.041786,-0.037165,0.051793
58130,0,1,57.4,0.00,0.00,-0.004263,-0.047556,0.041647
58183,0,1,57.4,0.00,0.00,0.009529,-0.058597,0.017145
58303,0,1,57.4,0.00,0.00,-0.000551,-0.069933,-0.006789
58376,0,1,57.4,0.00,0.00,-0.016573,-0.081163,-0.022912
58425,0,1,63.1,0.00,0.00,0.000000,-0.091868,-0.037104
58497,0,1,63.1,0.00,0.00,2.961176,-0.101591,-0.061661
58547,0,1,63.1,0.00,0.00,-0.096130,-0.109760,-0.100764
58620,0,1,63.1,0.00,0.00,-0.080473,-0.115677,-0.139285
58663,0,1,63.1,0.00,0.00,0.031101,-0.118686,-0.145333
58744,1,1,63.1,0.00,85.00,0.082973,-0.118332,-0.088444
58791,1,1,63.1,0.00,85.00,0.035793,-0.114381,0.035934
58864,1,1,63.1,0.00,85.00,-0.055475,-0.106791,0.192331
58911,1,1,63.1,0.00,85.00,-0.127295,-0.095694,0.314920
58984,1,1,63.1,0.00,85.00,-0.106571,-0.081382,0.340183
59034,1,1,63.1,0.00,85.00,-0.142282,-0.064288,0.244912
59107,1,1,63.1,0.00,85.00,-0.032736,-0.044956,0.065033
59157,1,1,63.1,0.00,85.00,0.011074,-0.023998,-0.119445
59230,1,1,63.1,0.00,85.00,0.015316,-0.002061,-0.227056
59275,1,1,63.1,0.00,85.00,-0.093773,0.020210,-0.220430
59356,1,1,63.1,0.00,88.00,-0.045511,0.042191,-0.127069
59406,1,1,63.1,0.00,88.00,-0.371643,0.063284,-0.022199
59479,1,1,63.1,0.00,88.00,-0.111214,0.082920,0.016530
59528,1,1,63.1,0.00,88.00,0.022514,0.100571,-0.044185
59601,1,1,63.1,0.00,88.00,-0.047768,0.115781,-0.172416
59651,1,1,63.1,0.00,88.00,-0.265467,0.128186,-0.287822
59723,1,1,63.1,0.00,88.00,-0.178997,0.137519,-0.306210
59773,1,1,63.1,0.00,88.00,-0.183531,0.143593,-0.186699
59846,1,1,63.1,0.00,88.00,0.018394,0.146300,0.044128
59888,1,1,63.1,0.00,88.00,0.152203,0.145636,0.303282
59970,1,1,63.1,0.00,90.00,0.178036,0.141707,0.490851
60017,1,1,63.1,0.00,90.00,0.047251,0.134747,0.536783
60090,1,1,63.1,0.00,90.00,0.005398,0.125086,0.431251
60132,1,1,63.1,0.00,90.00,-0.064325,0.113124,0.224531
60209,1,1,63.1,0.00,90.00,-0.031431,0.099293,-0.001324
60257,1,1,63.1,0.00,90.00,0.003048,0.084033,-0.172594
60329,1,1,63.1,0.00,90.00,0.022846,0.067789,-0.254584
60377,1,1,63.1,0.00,90.00,0.023043,0.050999,-0.258523
60449,1,1,63.1,0.00,90.00,0.287556,0.034092,-0.224289
60492,1,1,63.1,0.00,90.00,0.351263,0.017494,-0.191619
60573,1,1,63.1,0.00,90.00,0.000629,0.001632,-0.177302
60620,1,1,63.1,0.00,90.00,0.305456,-0.013085,-0.170428
60695,1,1,63.1,0.00,90.00,-0.004541,-0.026288,-0.145985
60742,1,1,63.1,0.00,90.00,-0.049780,-0.037677,-0.086349
60815,1,1,63.1,0.00,90.00,-0.041292,-0.047035,0.003526
60862,1,1,63.1,0.00,90.00,0.084055,-0.054242,0.096529
60936,1,1,63.1,0.00,90.00,0.036245,-0.059266,0.158690
60980,1,1,63.1,0.00,90.00,0.135792,-0.062141,0.169527
61056,1,1,63.1,1.00,90.00,0.052691,-0.062956,0.134780
61099,1,1,63.1,1.00,90.00,-0.048677,-0.061843,0.083631
61181,1,1,63.1,3.00,88.00,-0.049992,-0.058981,0.051797
61228,1,1,63.1,3.00,88.00,0.454721,-0.054591,0.060300
61304,1,1,63.1,4.00,88.00,0.344414,-0.048905,0.102368
61351,1,1,63.1,4.00,88.00,0.199152,-0.042133,0.146402
61427,1,1,63.1,5.00,88.00,-0.262400,-0.034463,0.153738
61474,1,1,63.1,5.00,88.00,-0.975887,-0.026113,0.101219
61551,1,1,63.1,6.00,88.00,-0.691454,-0.017402,-0.004443
61597,1,1,63.1,6.00,88.00,-0.310472,-0.008775,-0.128843
61674,1,1,63.1,7.00,88.00,-0.129698,-0.000743,-0.227059
61719,1,1,68.9,7.00,88.00,0.000000,0.006206,-0.265382
61801,1,1,68.9,8.00,87.00,2.148933,0.011710,-0.235155
61847,1,1,68.9,8.00,87.00,-0.067726,0.015633,-0.152366
61924,1,1,68.9,9.00,87.00,0.010271,0.018082,-0.046159
61970,1,1,68.9,9.00,87.00,0.037970,0.019286,0.054436
62047,1,1,68.9,10.00,87.00,-0.017984,0.019472,0.127440
62093,1,1,68.9,10.00,87.00,-0.075199,0.018832,0.157502
62170,1,1,68.9,12.00,87.00,-0.033640,0.017525,0.134130
62217,1,1,68.9,12.00,87.00,-0.074112,0.015672,0.055532
62293,1,1,68.9,13.00,87.00,-0.068190,0.013364,-0.061882
62338,1,1,68.9,13.00,87.00,-0.061268,0.010669,-0.177155
62420,1,1,68.9,14.00,85.00,-0.004118,0.007633,-0.232698
62467,1,1,68.9,14.00,85.00,-0.062445,0.004295,-0.179340
62543,1,1,68.9,15.00,85.00,-0.011272,0.000692,-0.007741
62590,1,1,68.9,15.00,85.00,-0.007690,-0.003141,0.233446
62666,1,1,68.9,15.00,85.00,-0.034733,-0.007162,0.448408
62713,1,1,68.9,15.00,85.00,0.038874,-0.011326,0.534066
62789,1,1,68.9,16.00,85.00,0.037708,-0.015579,0.430898
62836,1,1,68.9,16.00,85.00,0.068739,-0.019855,0.157613
62912,1,1,68.9,16.00,85.00,0.015720,-0.024077,-0.190798
62957,1,1,68.9,16.00,85.00,0.004311,-0.028163,-0.483053
63039,1,1,68.9,15.00,83.00,-0.008253,-0.032029,-0.610446
63084,1,1,68.9,15.00,83.00,-0.040104,-0.035602,-0.535056
63161,1,1,68.9,15.00,83.00,-0.007456,-0.038821,-0.303408
63208,1,1,68.9,15.00,83.00,-0.010609,-0.041638,-0.020049
63284,1,1,68.9,16.00,83.00,0.027519,-0.044020,0.203938
63331,1,1,68.9,16.00,83.00,-0.040255,-0.045940,0.300599
63408,1,1,68.9,16.00,83.00,0.288235,-0.047378,0.268938
63454,1,1,68.9,16.00,83.00,0.211788,-0.048307,0.163893
63531,1,1,68.9,17.00,83.00,0.023964,-0.048680,0.059929
63577,1,1,68.9,17.00,83.00,0.067575,-0.048443,0.010585
63659,1,1,68.9,17.00,84.00,-0.284174,-0.047560,0.024971
63706,1,1,68.9,17.00,84.00,0.199932,-0.046030,0.070941
63783,1,1,68.9,18.00,84.00,0.004868,-0.043892,0.099737
63830,1,1,68.9,18.00,84.00,-0.331343,-0.041208,0.076494
63906,1,1,68.9,18.00,84.00,0.035471,-0.038065,-0.000104
63953,1,1,68.9,18.00,84.00,0.123909,-0.034578,-0.098251
64029,1,1,68.9,19.00,84.00,-0.162153,-0.030869,-0.171497
64076,1,1,68.9,19.00,84.00,-0.210850,-0.027054,-0.184190
64152,1,1,68.9,19.00,84.00,0.366194,-0.023252,-0.130045
64198,1,1,68.9,19.00,84.00,0.074701,-0.019564,-0.034671
64279,1,1,68.9,20.00,84.00,0.082335,-0.016054,0.058246
64326,1,1,68.9,20.00,84.00,0.172230,-0.012745,0.109016
64402,1,1,68.9,20.00,84.00,-0.536331,-0.009640,0.100653
64448,1,1,68.9,20.00,84.00,-0.121664,-0.006759,0.045049
64526,1,1,68.9,20.00,84.00,-0.083187,-0.004157,-0.025523
64573,1,1,68.9,20.00,84.00,0.409441,-0.001912,-0.076019
64649,1,1,68.9,21.00,84.00,-0.028759,-0.000069,-0.085408
64696,1,1,68.9,21.00,84.00,-0.242813,0.001373,-0.054058
64773,1,1,68.9,21.00,84.00,0.124493,0.002434,0.000646
64818,1,1,74.6,21.00,84.00,0.000000,0.003138,0.055826
64900,1,1,74.6,22.00,82.00,0.211159,0.003516,0.093894
64947,1,1,74.6,22.00,82.00,0.231693,0.003626,0.107124
65024,1,1,74.6,23.00,82.00,-0.130850,0.003557,0.095943
65071,1,1,74.6,23.00,82.00,0.555040,0.003416,0.064894
65149,1,1,74.6,23.00,82.00,-0.304771,0.003316,0.020174
65196,1,1,68.9,23.00,82.00,0.000000,0.003366,-0.030310
65273,1,1,68.9,22.00,82.00,-0.081348,0.003642,-0.076312
65320,1,1,68.9,22.00,82.00,-1.754448,0.004148,-0.106503
65397,1,1,68.9,21.00,82.00,2.276831,0.004803,-0.112178
65442,1,1,68.9,21.00,82.00,-0.195526,0.005509,-0.091455
65524,1,1,68.9,20.00,83.00,0.191175,0.006274,-0.050831
65571,1,1,68.9,20.00,83.00,0.493853,0.007194,-0.002375
65647,1,1,68.9,19.00,83.00,-2.258444,0.008358,0.041824
65694,1,1,68.9,19.00,83.00,-0.681524,0.009725,0.073735
65771,1,1,68.9,18.00,83.00,-0.038212,0.011058,0.088969
65818,1,1,68.9,18.00,83.00,2.828375,0.012048,0.083559
65895,1,1,68.9,17.00,83.00,2.479816,0.012597,0.053403
65942,1,1,68.9,17.00,83.00,3.040283,0.013045,0.000086
66018,1,1,68.9,16.00,83.00,2.586575,0.014182,-0.060589
66064,1,1,68.9,16.00,83.00,2.739388,0.017112,-0.097719
66146,1,1,68.9,17.00,83.00,2.400463,0.023080,-0.080079
66193,1,1,68.9,17.00,83.00,0.824982,0.033283,-0.001742
66269,1,1,68.9,17.00,83.00,1.968475,0.048683,0.100063
66316,1,1,68.9,17.00,83.00,1.806736,0.069876,0.154582
66393,1,1,68.9,18.00,83.00,1.152615,0.097088,0.097854
66440,1,1,68.9,18.00,83.00,2.772785,0.130203,-0.077109
66516,1,1,68.9,19.00,83.00,1.550400,0.168819,-0.294757
66563,1,1,68.9,19.00,83.00,-0.422119,0.212273,-0.421279
66639,1,1,68.9,19.00,83.00,0.855839,0.259568,-0.334810
66685,1,1,68.9,19.00,83.00,0.874168,0.309315,-0.005981
66767,1,1,68.9,20.00,81.00,1.510220,0.359850,0.460278
66814,1,1,68.9,20.00,81.00,2.214703,0.409429,0.854907
66890,1,1,68.9,21.00,81.00,1.452415,0.456409,0.961210
66937,1,1,63.1,21.00,81.00,0.000000,0.499304,0.670964
67013,1,1,63.1,21.00,81.00,2.724709,0.536756,0.055478
67060,1,1,63.1,21.00,81.00,-3.115780,0.567482,-0.653602
